by,url,time,id,type,score,title
gdeglin,https://onesignal.com/careers#senior_full_stack,1511174013,15739000,job,1,OneSignal is hiring a senior full stack developer
joshbuckley,https://mino-games.workable.com/jobs/415887,1511158224,15738131,job,1,Mino Games Is Hiring Haxe Programmers in Montreal
ayw,https://www.scaleapi.com/about#jobs,1511143542,15737270,job,1,Scale API is hiring engineers and ML practitioners
josephscue,,1511128861,15736191,job,1,Twine (YC) is hiring our first 2 engineers (Full-Stack and Front-End)
dariaevdo,https://voiceops.com/careers.html,1511095341,15733649,job,1,VoiceOps is hiring product engineers in SF to build AI for b2b voice data
yunhakim,https://jobs.lever.co/simplehabit/2f129ca6-4df3-460e-b138-437dc8bb1d4c?lever-origin=applied&lever-source%5B%5D=Hacker%20News&lever-source%5B%5D=https%3A%2F%2Fnews.ycombinator.com%2Fjobs,1511061836,15732083,job,1,Simple Habit is hiring #2 Designer and #3 Engineer needed
gwintrob,,1511033302,15730260,job,1,Abe is hiring engineers to fix commercial insurance
tyoung,https://jobs.lever.co/plangrid,1510989253,15728110,job,1,"PlanGrid (YC W12) Is Hiring Front End, Back End, Android, Windows Engineers and More"
KMinshew,https://www.themuse.com/jobs/themuse/product-manager-data-analytics-8fa79a,1510976788,15727655,job,1,Join The Muse (YC W12) as a PM for data: help 50M people navigate their careers
jscheur,https://www.noredink.com/jobs?gh_jid=909370,1510963214,15726980,job,1,NoRedInk (ed-tech) is hiring a VP of Engineering
dfguo,http://www.strikingly.com/s/careers?utm_source=hn&utm_content=dnk,1510950471,15725707,job,1,"Strikingly (YC W13) Is Hiring DevOps, Node.js, Kotlin Devs in Shanghai"
nimz,https://www.workable.com/j/5A3033ABFF,1510936619,15723468,job,1,Fullstack Academy (YC S12) is hiring devs in New York who love teaching
rogerdickey,https://jobs.lever.co/gigster/bde35d51-d8f8-400f-aaf4-99d973527e90,1510919445,15721230,job,1,Gigster (on-demand developer teams) is hiring sales engineers
jstreebin,https://www.easypost.com/jobs,1510900332,15719563,job,1,EasyPost Is Revolutionizing Logisitics â€“ Join Us
jkurnia,https://www.idealist.org/en/nonprofit-internship/3c084e6d9c604acd9253a72e8629e655-p2p-microfinance-country-liaison-intern-zidisha-inc-sterling?,1510883988,15718390,job,1,Remote Internship at Zidisha (YC W14 Nonprofit)
thedogeye,https://flexport.com/careers,1510870532,15717181,job,1,Flexport is hiring a VP Engineering to build the future of global trade
calvinfo,https://segment.com/jobs/922851-Tooling-Engineer,1510855849,15714979,job,1,Segment (YC S11) Is Hiring an Infrastructure Tooling Engineer
victorology,https://about.miso.kr/jobs/,1510843384,15712931,job,1,Miso (YC S16) is hiring in our Seoul office
jon_dahl,https://mux.workable.com/,1510829533,15711689,job,1,Mux (API to Video) is hiring video engineers and developer marketing
rogik,https://www.workable.com/j/517731C0AC,1510816790,15710768,job,1,People.ai (YC S16)is seeking Senior Engineers for ambitious big data platform
Matth3wMarshall,https://medium.com/newstory/quit-your-day-job-sr-engineers-2f25119a8339,1510804048,15710135,job,1,New Story (YC Nonprofit) Is Hiring Sr Software Engineer
